14:22:43.278068 IP 37.223.204.141 > 133.71.3.62: ICMP 37.223.204.141 udp port 58680 unreachable, length 91
14:22:44.277048 IP 37.223.204.141 > 133.71.3.62: ICMP 37.223.204.141 udp port 58680 unreachable, length 91
14:22:45.277014 IP 37.223.204.141 > 133.71.3.62: ICMP 37.223.204.141 udp port 58680 unreachable, length 91
14:45:48.315613 IP 37.214.84.229 > 133.71.3.62: ICMP 37.214.84.229 udp port 58146 unreachable, length 91
14:45:49.315627 IP 37.214.84.229 > 133.71.3.62: ICMP 37.214.84.229 udp port 58146 unreachable, length 91
14:45:50.315575 IP 37.214.84.229 > 133.71.3.62: ICMP 37.214.84.229 udp port 58146 unreachable, length 91
14:47:17.360020 IP 70.81.133.112 > 133.71.3.62: ICMP 70.81.133.112 udp port 4168 unreachable, length 91
14:47:18.352992 IP 70.81.133.112 > 133.71.3.62: ICMP 70.81.133.112 udp port 4168 unreachable, length 91
14:47:19.361035 IP 70.81.133.112 > 133.71.3.62: ICMP 70.81.133.112 udp port 4168 unreachable, length 91
14:47:46.768692 IP 91.64.118.37 > 133.71.3.62: ICMP 91.64.118.37 udp port 4420 unreachable, length 91
14:47:47.760206 IP 91.64.118.37 > 133.71.3.62: ICMP 91.64.118.37 udp port 4420 unreachable, length 91
14:47:48.760315 IP 91.64.118.37 > 133.71.3.62: ICMP 91.64.118.37 udp port 4420 unreachable, length 91
14:52:58.559380 IP 24.37.33.134 > 133.71.3.62: ICMP 24.37.33.134 udp port 8066 unreachable, length 91
14:52:59.553335 IP 24.37.33.134 > 133.71.3.62: ICMP 24.37.33.134 udp port 8066 unreachable, length 91
14:53:00.555355 IP 24.37.33.134 > 133.71.3.62: ICMP 24.37.33.134 udp port 8066 unreachable, length 91
15:03:27.328820 IP 45.12.222.123 > 133.71.3.62: ICMP 45.12.222.123 udp port 4968 unreachable, length 91
15:03:28.328043 IP 45.12.222.123 > 133.71.3.62: ICMP 45.12.222.123 udp port 4968 unreachable, length 91
15:03:29.327988 IP 45.12.222.123 > 133.71.3.62: ICMP 45.12.222.123 udp port 4968 unreachable, length 91
15:13:03.117611 IP 69.35.93.1 > 133.71.3.62: ICMP net 67.44.177.161 unreachable, length 91
15:13:03.163750 IP 37.223.204.141 > 133.71.3.62: ICMP 37.223.204.141 udp port 4250 unreachable, length 91
15:13:03.659462 IP 113.91.37.39 > 133.71.3.62: ICMP 113.91.37.39 udp port 64141 unreachable, length 120
15:13:04.118039 IP 69.35.93.1 > 133.71.3.62: ICMP net 67.44.177.161 unreachable, length 91
15:13:04.162986 IP 37.223.204.141 > 133.71.3.62: ICMP 37.223.204.141 udp port 4250 unreachable, length 91
15:13:04.191439 IP 24.37.33.134 > 133.71.3.62: ICMP 24.37.33.134 udp port 8066 unreachable, length 120
15:13:04.203940 IP 188.74.32.253 > 133.71.3.62: ICMP 188.74.32.253 udp port 4650 unreachable, length 120
15:13:04.658934 IP 113.91.37.39 > 133.71.3.62: ICMP 113.91.37.39 udp port 64141 unreachable, length 120
15:13:04.811223 IP 24.20.109.141 > 133.71.3.62: ICMP 24.20.109.141 udp port 6356 unreachable, length 120
15:13:05.117210 IP 69.35.93.1 > 133.71.3.62: ICMP net 67.44.177.161 unreachable, length 91
15:13:05.162982 IP 37.223.204.141 > 133.71.3.62: ICMP 37.223.204.141 udp port 4250 unreachable, length 91
15:13:05.164957 IP 37.223.204.141 > 133.71.3.62: ICMP 37.223.204.141 udp port 4250 unreachable, length 120
15:13:05.185421 IP 24.37.33.134 > 133.71.3.62: ICMP 24.37.33.134 udp port 8066 unreachable, length 120
15:13:05.203476 IP 188.74.32.253 > 133.71.3.62: ICMP 188.74.32.253 udp port 4650 unreachable, length 120
15:13:05.659561 IP 113.91.37.39 > 133.71.3.62: ICMP 113.91.37.39 udp port 64141 unreachable, length 120
15:13:05.810973 IP 24.20.109.141 > 133.71.3.62: ICMP 24.20.109.141 udp port 6356 unreachable, length 120
15:13:06.183481 IP 24.37.33.134 > 133.71.3.62: ICMP 24.37.33.134 udp port 8066 unreachable, length 120
15:13:06.203409 IP 188.74.32.253 > 133.71.3.62: ICMP 188.74.32.253 udp port 4650 unreachable, length 120
15:13:06.433483 IP 61.222.86.190 > 133.71.3.62: ICMP 61.222.86.190 udp port 30649 unreachable, length 36
15:13:06.816237 IP 24.20.109.141 > 133.71.3.62: ICMP 24.20.109.141 udp port 6356 unreachable, length 120
15:13:07.432882 IP 61.222.86.190 > 133.71.3.62: ICMP 61.222.86.190 udp port 30649 unreachable, length 36
15:13:08.432971 IP 61.222.86.190 > 133.71.3.62: ICMP 61.222.86.190 udp port 30649 unreachable, length 36
15:17:51.838448 IP 82.95.106.58 > 133.71.3.62: ICMP host 82.95.106.58 unreachable - admin prohibited filter, length 36
15:17:52.838044 IP 82.95.106.58 > 133.71.3.62: ICMP host 82.95.106.58 unreachable - admin prohibited filter, length 36
15:17:53.468383 IP 91.64.118.37 > 133.71.3.62: ICMP 91.64.118.37 udp port 4420 unreachable, length 120
15:17:53.837977 IP 82.95.106.58 > 133.71.3.62: ICMP host 82.95.106.58 unreachable - admin prohibited filter, length 36
15:17:54.182810 IP 201.141.230.21 > 133.71.3.62: ICMP 201.141.230.21 udp port 32392 unreachable, length 120
15:17:54.468419 IP 91.64.118.37 > 133.71.3.62: ICMP 91.64.118.37 udp port 4420 unreachable, length 120
15:17:55.025455 IP 24.122.3.159 > 133.71.3.62: ICMP 24.122.3.159 udp port 6878 unreachable, length 120
15:17:55.466403 IP 91.64.118.37 > 133.71.3.62: ICMP 91.64.118.37 udp port 4420 unreachable, length 120
15:17:55.589000 IP 201.141.230.21 > 133.71.3.62: ICMP 201.141.230.21 udp port 32392 unreachable, length 120
15:17:55.866420 IP 90.120.184.227 > 133.71.3.62: ICMP host 90.120.184.227 unreachable, length 120
15:17:55.866659 IP 90.120.184.227 > 133.71.3.62: ICMP host 90.120.184.227 unreachable, length 120
15:17:55.866697 IP 90.120.184.227 > 133.71.3.62: ICMP host 90.120.184.227 unreachable, length 120
15:17:56.023839 IP 24.122.3.159 > 133.71.3.62: ICMP 24.122.3.159 udp port 6878 unreachable, length 120
15:17:56.325069 IP 201.141.230.21 > 133.71.3.62: ICMP 201.141.230.21 udp port 32392 unreachable, length 120
15:17:57.023817 IP 24.122.3.159 > 133.71.3.62: ICMP 24.122.3.159 udp port 6878 unreachable, length 120
15:25:20.729039 IP 113.91.37.39 > 133.71.3.62: ICMP 113.91.37.39 udp port 61706 unreachable, length 91
15:25:21.728531 IP 113.91.37.39 > 133.71.3.62: ICMP 113.91.37.39 udp port 61706 unreachable, length 91
15:25:22.729167 IP 113.91.37.39 > 133.71.3.62: ICMP 113.91.37.39 udp port 61706 unreachable, length 91
15:26:52.653680 IP 24.37.33.134 > 133.71.3.62: ICMP 24.37.33.134 udp port 8066 unreachable, length 91
15:26:53.655706 IP 24.37.33.134 > 133.71.3.62: ICMP 24.37.33.134 udp port 8066 unreachable, length 91
15:26:54.651678 IP 24.37.33.134 > 133.71.3.62: ICMP 24.37.33.134 udp port 8066 unreachable, length 91
15:28:00.016813 IP 185.47.222.168 > 133.71.3.62: ICMP 185.47.222.168 udp port 5626 unreachable, length 91
15:28:01.018512 IP 185.47.222.168 > 133.71.3.62: ICMP 185.47.222.168 udp port 5626 unreachable, length 91
15:28:02.016469 IP 185.47.222.168 > 133.71.3.62: ICMP 185.47.222.168 udp port 5626 unreachable, length 91
15:28:03.075860 IP 201.92.185.94 > 133.71.3.62: ICMP host 201.92.185.94 unreachable, length 91
15:28:03.077992 IP 201.92.185.94 > 133.71.3.62: ICMP host 201.92.185.94 unreachable, length 91
15:28:03.080463 IP 201.92.185.94 > 133.71.3.62: ICMP host 201.92.185.94 unreachable, length 91
15:36:56.876138 IP 196.244.191.114 > 133.71.3.62: ICMP 196.244.191.114 udp port 5980 unreachable, length 91
15:36:57.875775 IP 196.244.191.114 > 133.71.3.62: ICMP 196.244.191.114 udp port 5980 unreachable, length 91
15:36:58.875764 IP 196.244.191.114 > 133.71.3.62: ICMP 196.244.191.114 udp port 5980 unreachable, length 91
15:37:32.868193 IP 24.37.33.134 > 133.71.3.62: ICMP 24.37.33.134 udp port 8066 unreachable, length 125
15:37:33.866144 IP 24.37.33.134 > 133.71.3.62: ICMP 24.37.33.134 udp port 8066 unreachable, length 125
15:37:34.866099 IP 24.37.33.134 > 133.71.3.62: ICMP 24.37.33.134 udp port 8066 unreachable, length 125
15:38:00.789942 IP 113.91.37.39 > 133.71.3.62: ICMP 113.91.37.39 udp port 62068 unreachable, length 91
15:38:01.789420 IP 113.91.37.39 > 133.71.3.62: ICMP 113.91.37.39 udp port 62068 unreachable, length 91
15:41:05.165699 IP 59.124.169.211 > 133.71.3.62: ICMP 59.124.169.211 udp port 46897 unreachable, length 36
15:41:06.165349 IP 59.124.169.211 > 133.71.3.62: ICMP 59.124.169.211 udp port 46897 unreachable, length 36
15:41:07.165483 IP 59.124.169.211 > 133.71.3.62: ICMP 59.124.169.211 udp port 46897 unreachable, length 36
15:51:24.344486 IP 201.141.230.21 > 133.71.3.62: ICMP 201.141.230.21 udp port 32392 unreachable, length 120
15:51:25.371473 IP 201.141.230.21 > 133.71.3.62: ICMP 201.141.230.21 udp port 32392 unreachable, length 120
15:51:26.359192 IP 201.141.230.21 > 133.71.3.62: ICMP 201.141.230.21 udp port 32392 unreachable, length 120
15:51:32.377618 IP 109.169.12.40 > 133.71.3.62: ICMP 109.169.12.40 udp port 32275 unreachable, length 120
15:51:33.377068 IP 109.169.12.40 > 133.71.3.62: ICMP 109.169.12.40 udp port 32275 unreachable, length 120
15:51:34.377228 IP 109.169.12.40 > 133.71.3.62: ICMP 109.169.12.40 udp port 32275 unreachable, length 120
15:51:36.367623 IP 201.141.230.21 > 133.71.3.62: ICMP 201.141.230.21 udp port 32392 unreachable, length 120
15:51:37.347200 IP 201.141.230.21 > 133.71.3.62: ICMP 201.141.230.21 udp port 32392 unreachable, length 120
15:51:38.347067 IP 201.141.230.21 > 133.71.3.62: ICMP 201.141.230.21 udp port 32392 unreachable, length 120
16:01:10.319684 IP 82.95.106.58 > 133.71.3.62: ICMP host 82.95.106.58 unreachable - admin prohibited filter, length 36
16:01:11.319460 IP 82.95.106.58 > 133.71.3.62: ICMP host 82.95.106.58 unreachable - admin prohibited filter, length 36
16:03:35.023385 IP 82.95.106.58 > 133.71.3.62: ICMP host 82.95.106.58 unreachable - admin prohibited filter, length 36
16:03:36.022876 IP 82.95.106.58 > 133.71.3.62: ICMP host 82.95.106.58 unreachable - admin prohibited filter, length 36
16:03:37.023393 IP 82.95.106.58 > 133.71.3.62: ICMP host 82.95.106.58 unreachable - admin prohibited filter, length 36
16:08:05.776485 IP 61.222.86.190 > 133.71.3.62: ICMP 61.222.86.190 udp port 22565 unreachable, length 36
16:08:05.906361 IP 106.206.69.232 > 133.71.3.62: ICMP 106.206.69.232 udp port 12143 unreachable, length 36
16:08:06.776528 IP 61.222.86.190 > 133.71.3.62: ICMP 61.222.86.190 udp port 22565 unreachable, length 36
16:08:06.905140 IP 106.206.69.232 > 133.71.3.62: ICMP 106.206.69.232 udp port 12143 unreachable, length 36
16:08:07.775854 IP 61.222.86.190 > 133.71.3.62: ICMP 61.222.86.190 udp port 22565 unreachable, length 36
16:08:07.914918 IP 106.206.69.232 > 133.71.3.62: ICMP 106.206.69.232 udp port 12143 unreachable, length 36
16:18:09.079132 IP 59.124.169.211 > 133.71.3.62: ICMP 59.124.169.211 udp port 46897 unreachable, length 36
16:18:09.982841 IP 113.91.37.39 > 133.71.3.62: ICMP 113.91.37.39 udp port 63910 unreachable, length 120
16:18:10.078319 IP 59.124.169.211 > 133.71.3.62: ICMP 59.124.169.211 udp port 46897 unreachable, length 36
16:18:10.418931 IP 24.37.33.134 > 133.71.3.62: ICMP 24.37.33.134 udp port 8066 unreachable, length 120
16:18:11.078651 IP 59.124.169.211 > 133.71.3.62: ICMP 59.124.169.211 udp port 46897 unreachable, length 36
16:18:11.331397 IP 208.88.110.46 > 133.71.3.62: ICMP 208.88.110.46 udp port 14928 unreachable, length 120
16:18:11.418867 IP 24.37.33.134 > 133.71.3.62: ICMP 24.37.33.134 udp port 8066 unreachable, length 120
16:18:11.982367 IP 113.91.37.39 > 133.71.3.62: ICMP 113.91.37.39 udp port 63910 unreachable, length 120
16:18:12.227544 IP 196.244.191.114 > 133.71.3.62: ICMP 196.244.191.114 udp port 18810 unreachable, length 120
16:18:12.330944 IP 208.88.110.46 > 133.71.3.62: ICMP 208.88.110.46 udp port 14928 unreachable, length 120
16:18:12.418747 IP 24.37.33.134 > 133.71.3.62: ICMP 24.37.33.134 udp port 8066 unreachable, length 120
16:18:13.227029 IP 196.244.191.114 > 133.71.3.62: ICMP 196.244.191.114 udp port 18810 unreachable, length 120
16:18:13.331063 IP 208.88.110.46 > 133.71.3.62: ICMP 208.88.110.46 udp port 14928 unreachable, length 120
16:18:13.499523 IP 23.226.134.66 > 133.71.3.62: ICMP 23.226.134.66 udp port 3543 unreachable, length 120
16:18:14.227034 IP 196.244.191.114 > 133.71.3.62: ICMP 196.244.191.114 udp port 18810 unreachable, length 120
16:18:14.499221 IP 23.226.134.66 > 133.71.3.62: ICMP 23.226.134.66 udp port 3543 unreachable, length 120
16:18:15.499192 IP 23.226.134.66 > 133.71.3.62: ICMP 23.226.134.66 udp port 3543 unreachable, length 120
16:22:01.778043 IP 188.74.32.253 > 133.71.3.62: ICMP 188.74.32.253 udp port 59211 unreachable, length 91
16:22:02.777564 IP 188.74.32.253 > 133.71.3.62: ICMP 188.74.32.253 udp port 59211 unreachable, length 91
16:22:03.777683 IP 188.74.32.253 > 133.71.3.62: ICMP 188.74.32.253 udp port 59211 unreachable, length 91
16:24:15.619369 IP 82.95.106.58 > 133.71.3.62: ICMP host 82.95.106.58 unreachable - admin prohibited filter, length 36
16:24:16.012116 IP 70.81.133.112 > 133.71.3.62: ICMP 70.81.133.112 udp port 4168 unreachable, length 120
16:24:16.619072 IP 82.95.106.58 > 133.71.3.62: ICMP host 82.95.106.58 unreachable - admin prohibited filter, length 36
16:24:16.681374 IP 37.214.84.229 > 133.71.3.62: ICMP 37.214.84.229 udp port 14798 unreachable, length 120
16:24:17.020092 IP 70.81.133.112 > 133.71.3.62: ICMP 70.81.133.112 udp port 4168 unreachable, length 120
16:24:17.619152 IP 82.95.106.58 > 133.71.3.62: ICMP host 82.95.106.58 unreachable - admin prohibited filter, length 36
16:24:17.680351 IP 37.214.84.229 > 133.71.3.62: ICMP 37.214.84.229 udp port 14798 unreachable, length 120
16:24:17.911411 IP 201.141.230.21 > 133.71.3.62: ICMP 201.141.230.21 udp port 32392 unreachable, length 120
16:24:18.011981 IP 70.81.133.112 > 133.71.3.62: ICMP 70.81.133.112 udp port 4168 unreachable, length 120
16:24:18.638270 IP 90.91.65.158 > 133.71.3.62: ICMP host 90.91.65.158 unreachable, length 120
16:24:18.640109 IP 90.91.65.158 > 133.71.3.62: ICMP host 90.91.65.158 unreachable, length 120
16:24:18.641965 IP 90.91.65.158 > 133.71.3.62: ICMP host 90.91.65.158 unreachable, length 120
16:24:18.679838 IP 37.214.84.229 > 133.71.3.62: ICMP 37.214.84.229 udp port 14798 unreachable, length 120
16:24:18.787046 IP 201.141.230.21 > 133.71.3.62: ICMP 201.141.230.21 udp port 32392 unreachable, length 120
16:24:19.021275 IP 91.64.118.37 > 133.71.3.62: ICMP 91.64.118.37 udp port 4420 unreachable, length 120
16:24:19.262628 IP 24.122.3.159 > 133.71.3.62: ICMP 24.122.3.159 udp port 6878 unreachable, length 120
16:24:20.020873 IP 91.64.118.37 > 133.71.3.62: ICMP 91.64.118.37 udp port 4420 unreachable, length 120
16:24:20.262588 IP 24.122.3.159 > 133.71.3.62: ICMP 24.122.3.159 udp port 6878 unreachable, length 120
16:24:21.021027 IP 91.64.118.37 > 133.71.3.62: ICMP 91.64.118.37 udp port 4420 unreachable, length 120
16:24:21.262700 IP 24.122.3.159 > 133.71.3.62: ICMP 24.122.3.159 udp port 6878 unreachable, length 120
16:41:41.717660 IP 133.71.3.157 > 133.71.3.62: ICMP echo request, id 1, seq 38, length 40
16:41:41.717886 IP 133.71.3.62 > 133.71.3.157: ICMP echo reply, id 1, seq 38, length 40
16:41:42.729135 IP 133.71.3.157 > 133.71.3.62: ICMP echo request, id 1, seq 39, length 40
16:41:42.729333 IP 133.71.3.62 > 133.71.3.157: ICMP echo reply, id 1, seq 39, length 40
16:42:22.101941 IP 133.71.3.157 > 133.71.3.62: ICMP echo request, id 1, seq 40, length 40
16:42:22.102172 IP 133.71.3.62 > 133.71.3.157: ICMP echo reply, id 1, seq 40, length 40
16:42:23.118232 IP 133.71.3.157 > 133.71.3.62: ICMP echo request, id 1, seq 41, length 40
16:42:23.118428 IP 133.71.3.62 > 133.71.3.157: ICMP echo reply, id 1, seq 41, length 40
16:42:24.124806 IP 133.71.3.157 > 133.71.3.62: ICMP echo request, id 1, seq 42, length 40
16:42:24.125061 IP 133.71.3.62 > 133.71.3.157: ICMP echo reply, id 1, seq 42, length 40
16:42:25.152021 IP 133.71.3.157 > 133.71.3.62: ICMP echo request, id 1, seq 43, length 40
16:42:25.152177 IP 133.71.3.62 > 133.71.3.157: ICMP echo reply, id 1, seq 43, length 40
16:42:27.697684 IP 133.71.3.157 > 133.71.3.62: ICMP echo request, id 1, seq 44, length 40
16:42:27.697916 IP 133.71.3.62 > 133.71.3.157: ICMP echo reply, id 1, seq 44, length 40
16:42:28.703214 IP 133.71.3.157 > 133.71.3.62: ICMP echo request, id 1, seq 45, length 40
16:42:28.703382 IP 133.71.3.62 > 133.71.3.157: ICMP echo reply, id 1, seq 45, length 40
16:42:29.722520 IP 133.71.3.157 > 133.71.3.62: ICMP echo request, id 1, seq 46, length 40
16:42:29.722767 IP 133.71.3.62 > 133.71.3.157: ICMP echo reply, id 1, seq 46, length 40
16:42:30.746035 IP 133.71.3.157 > 133.71.3.62: ICMP echo request, id 1, seq 47, length 40
16:42:30.746286 IP 133.71.3.62 > 133.71.3.157: ICMP echo reply, id 1, seq 47, length 40
16:43:08.947765 IP 133.71.3.157 > 133.71.3.62: ICMP echo request, id 1, seq 48, length 40
16:43:08.948002 IP 133.71.3.62 > 133.71.3.157: ICMP echo reply, id 1, seq 48, length 40
16:46:29.093475 IP 133.71.3.157 > 133.71.3.62: ICMP echo request, id 1, seq 49, length 40
16:46:29.093744 IP 133.71.3.62 > 133.71.3.157: ICMP echo reply, id 1, seq 49, length 40
16:46:30.118754 IP 133.71.3.157 > 133.71.3.62: ICMP echo request, id 1, seq 50, length 40
16:46:30.118954 IP 133.71.3.62 > 133.71.3.157: ICMP echo reply, id 1, seq 50, length 40
16:46:31.128180 IP 133.71.3.157 > 133.71.3.62: ICMP echo request, id 1, seq 51, length 40
16:46:31.128417 IP 133.71.3.62 > 133.71.3.157: ICMP echo reply, id 1, seq 51, length 40
16:46:32.152171 IP 133.71.3.157 > 133.71.3.62: ICMP echo request, id 1, seq 52, length 40
16:46:32.152360 IP 133.71.3.62 > 133.71.3.157: ICMP echo reply, id 1, seq 52, length 40
16:47:03.856100 IP 133.71.3.157 > 133.71.3.62: ICMP echo request, id 1, seq 53, length 40
16:47:03.856360 IP 133.71.3.62 > 133.71.3.157: ICMP echo reply, id 1, seq 53, length 40
16:47:04.874576 IP 133.71.3.157 > 133.71.3.62: ICMP echo request, id 1, seq 54, length 40
16:47:04.874837 IP 133.71.3.62 > 133.71.3.157: ICMP echo reply, id 1, seq 54, length 40
16:47:05.906301 IP 133.71.3.157 > 133.71.3.62: ICMP echo request, id 1, seq 55, length 40
16:47:05.906534 IP 133.71.3.62 > 133.71.3.157: ICMP echo reply, id 1, seq 55, length 40
16:47:06.928413 IP 133.71.3.157 > 133.71.3.62: ICMP echo request, id 1, seq 56, length 40
16:47:06.928598 IP 133.71.3.62 > 133.71.3.157: ICMP echo reply, id 1, seq 56, length 40
16:48:57.029017 IP 24.37.33.134 > 133.71.3.62: ICMP 24.37.33.134 udp port 8066 unreachable, length 91
16:48:58.029191 IP 24.37.33.134 > 133.71.3.62: ICMP 24.37.33.134 udp port 8066 unreachable, length 91
16:48:59.029008 IP 24.37.33.134 > 133.71.3.62: ICMP 24.37.33.134 udp port 8066 unreachable, length 91
16:49:14.813365 IP 133.71.3.157 > 133.71.3.62: ICMP echo request, id 1, seq 57, length 40
16:49:14.813629 IP 133.71.3.62 > 133.71.3.157: ICMP echo reply, id 1, seq 57, length 40
16:49:15.851865 IP 133.71.3.157 > 133.71.3.62: ICMP echo request, id 1, seq 58, length 40
16:49:15.852117 IP 133.71.3.62 > 133.71.3.157: ICMP echo reply, id 1, seq 58, length 40
16:49:16.869029 IP 133.71.3.157 > 133.71.3.62: ICMP echo request, id 1, seq 59, length 40
16:49:16.869233 IP 133.71.3.62 > 133.71.3.157: ICMP echo reply, id 1, seq 59, length 40
16:49:17.890047 IP 133.71.3.157 > 133.71.3.62: ICMP echo request, id 1, seq 60, length 40
16:49:17.890284 IP 133.71.3.62 > 133.71.3.157: ICMP echo reply, id 1, seq 60, length 40
16:50:53.288317 IP 136.22.79.167 > 133.71.3.62: ICMP 136.22.79.167 udp port 13402 unreachable, length 91
16:50:54.283706 IP 136.22.79.167 > 133.71.3.62: ICMP 136.22.79.167 udp port 13402 unreachable, length 91
16:50:55.377259 IP 136.22.79.167 > 133.71.3.62: ICMP 136.22.79.167 udp port 13402 unreachable, length 91
16:54:14.202614 IP 133.71.3.157 > 133.71.3.62: ICMP echo request, id 1, seq 61, length 40
16:54:14.202780 IP 133.71.3.62 > 133.71.3.157: ICMP echo reply, id 1, seq 61, length 40
16:54:15.215467 IP 133.71.3.157 > 133.71.3.62: ICMP echo request, id 1, seq 62, length 40
16:54:15.215711 IP 133.71.3.62 > 133.71.3.157: ICMP echo reply, id 1, seq 62, length 40
16:54:16.223549 IP 133.71.3.157 > 133.71.3.62: ICMP echo request, id 1, seq 63, length 40
16:54:16.223750 IP 133.71.3.62 > 133.71.3.157: ICMP echo reply, id 1, seq 63, length 40
16:54:17.235623 IP 133.71.3.157 > 133.71.3.62: ICMP echo request, id 1, seq 64, length 40
16:54:17.235840 IP 133.71.3.62 > 133.71.3.157: ICMP echo reply, id 1, seq 64, length 40
16:54:18.244598 IP 133.71.3.157 > 133.71.3.62: ICMP echo request, id 1, seq 65, length 40
16:54:18.244785 IP 133.71.3.62 > 133.71.3.157: ICMP echo reply, id 1, seq 65, length 40
16:54:19.252644 IP 133.71.3.157 > 133.71.3.62: ICMP echo request, id 1, seq 66, length 40
16:54:19.252853 IP 133.71.3.62 > 133.71.3.157: ICMP echo reply, id 1, seq 66, length 40
16:54:20.258739 IP 133.71.3.157 > 133.71.3.62: ICMP echo request, id 1, seq 67, length 40
16:54:20.258986 IP 133.71.3.62 > 133.71.3.157: ICMP echo reply, id 1, seq 67, length 40
16:54:21.265363 IP 133.71.3.157 > 133.71.3.62: ICMP echo request, id 1, seq 68, length 40
16:54:21.265606 IP 133.71.3.62 > 133.71.3.157: ICMP echo reply, id 1, seq 68, length 40
16:54:22.271615 IP 133.71.3.157 > 133.71.3.62: ICMP echo request, id 1, seq 69, length 40
16:54:22.271869 IP 133.71.3.62 > 133.71.3.157: ICMP echo reply, id 1, seq 69, length 40
16:54:23.274124 IP 133.71.3.157 > 133.71.3.62: ICMP echo request, id 1, seq 70, length 40
16:54:23.274310 IP 133.71.3.62 > 133.71.3.157: ICMP echo reply, id 1, seq 70, length 40
16:54:27.389514 IP 133.71.3.157 > 133.71.3.62: ICMP echo request, id 1, seq 71, length 40
16:54:27.389792 IP 133.71.3.62 > 133.71.3.157: ICMP echo reply, id 1, seq 71, length 40
16:54:28.396477 IP 133.71.3.157 > 133.71.3.62: ICMP echo request, id 1, seq 72, length 40
16:54:28.396634 IP 133.71.3.62 > 133.71.3.157: ICMP echo reply, id 1, seq 72, length 40
16:54:29.405202 IP 133.71.3.157 > 133.71.3.62: ICMP echo request, id 1, seq 73, length 40
16:54:29.405362 IP 133.71.3.62 > 133.71.3.157: ICMP echo reply, id 1, seq 73, length 40
16:56:34.952374 IP 208.88.110.46 > 133.71.3.62: ICMP 208.88.110.46 udp port 18240 unreachable, length 125
16:56:35.951944 IP 208.88.110.46 > 133.71.3.62: ICMP 208.88.110.46 udp port 18240 unreachable, length 125
16:56:36.952029 IP 208.88.110.46 > 133.71.3.62: ICMP 208.88.110.46 udp port 18240 unreachable, length 125
16:58:16.466442 IP 208.88.110.46 > 133.71.3.62: ICMP 208.88.110.46 udp port 16324 unreachable, length 91
16:58:17.466106 IP 208.88.110.46 > 133.71.3.62: ICMP 208.88.110.46 udp port 16324 unreachable, length 91
16:58:18.466164 IP 208.88.110.46 > 133.71.3.62: ICMP 208.88.110.46 udp port 16324 unreachable, length 91
16:58:18.665088 IP 23.226.134.66 > 133.71.3.62: ICMP 23.226.134.66 udp port 25069 unreachable, length 91
16:58:18.741087 IP 24.37.33.134 > 133.71.3.62: ICMP 24.37.33.134 udp port 8066 unreachable, length 91
16:58:19.664347 IP 23.226.134.66 > 133.71.3.62: ICMP 23.226.134.66 udp port 25069 unreachable, length 91
16:58:19.666966 IP 113.91.37.39 > 133.71.3.62: ICMP 113.91.37.39 udp port 64141 unreachable, length 91
16:58:19.739063 IP 24.37.33.134 > 133.71.3.62: ICMP 24.37.33.134 udp port 8066 unreachable, length 91
16:58:20.664748 IP 23.226.134.66 > 133.71.3.62: ICMP 23.226.134.66 udp port 25069 unreachable, length 91
16:58:20.667616 IP 113.91.37.39 > 133.71.3.62: ICMP 113.91.37.39 udp port 64141 unreachable, length 91
16:58:20.741041 IP 24.37.33.134 > 133.71.3.62: ICMP 24.37.33.134 udp port 8066 unreachable, length 91
16:58:44.440277 IP 70.81.133.112 > 133.71.3.62: ICMP 70.81.133.112 udp port 4168 unreachable, length 125
16:58:45.440186 IP 70.81.133.112 > 133.71.3.62: ICMP 70.81.133.112 udp port 4168 unreachable, length 125
16:58:46.442889 IP 70.81.133.112 > 133.71.3.62: ICMP 70.81.133.112 udp port 4168 unreachable, length 125
16:59:10.573747 IP 24.20.109.141 > 133.71.3.62: ICMP 24.20.109.141 udp port 6356 unreachable, length 91
16:59:10.702292 IP 188.74.32.253 > 133.71.3.62: ICMP 188.74.32.253 udp port 60330 unreachable, length 91
16:59:11.572957 IP 24.20.109.141 > 133.71.3.62: ICMP 24.20.109.141 udp port 6356 unreachable, length 91
16:59:11.701429 IP 188.74.32.253 > 133.71.3.62: ICMP 188.74.32.253 udp port 60330 unreachable, length 91
16:59:12.572687 IP 24.20.109.141 > 133.71.3.62: ICMP 24.20.109.141 udp port 6356 unreachable, length 91
16:59:12.701512 IP 188.74.32.253 > 133.71.3.62: ICMP 188.74.32.253 udp port 60330 unreachable, length 91
17:04:22.601962 IP 59.124.169.211 > 133.71.3.62: ICMP 59.124.169.211 udp port 60934 unreachable, length 36
17:04:23.599742 IP 61.222.86.190 > 133.71.3.62: ICMP 61.222.86.190 udp port 46832 unreachable, length 36
17:04:24.599784 IP 61.222.86.190 > 133.71.3.62: ICMP 61.222.86.190 udp port 46832 unreachable, length 36
17:14:49.200608 IP 59.124.169.211 > 133.71.3.62: ICMP 59.124.169.211 udp port 60934 unreachable, length 36
17:14:50.200169 IP 59.124.169.211 > 133.71.3.62: ICMP 59.124.169.211 udp port 60934 unreachable, length 36
17:14:51.200363 IP 59.124.169.211 > 133.71.3.62: ICMP 59.124.169.211 udp port 60934 unreachable, length 36
17:14:59.885805 IP 133.71.3.254 > 133.71.3.143: ICMP echo reply, id 547, seq 38139, length 64
17:14:59.889286 IP 133.71.3.254 > 133.71.3.143: ICMP echo reply, id 547, seq 38139, length 64
17:14:59.890543 IP 133.71.3.254 > 133.71.3.143: ICMP echo reply, id 547, seq 38139, length 64
17:14:59.891670 IP 133.71.3.254 > 133.71.3.143: ICMP echo reply, id 547, seq 38139, length 64
17:14:59.896438 IP 133.71.3.254 > 133.71.3.143: ICMP echo reply, id 547, seq 38139, length 64
17:14:59.898567 IP 133.71.240.1 > 133.71.3.143: ICMP echo reply, id 547, seq 38139, length 64
17:14:59.899738 IP 133.71.240.1 > 133.71.3.143: ICMP echo reply, id 547, seq 38139, length 64
17:14:59.900803 IP 133.71.240.1 > 133.71.3.143: ICMP echo reply, id 547, seq 38139, length 64
17:14:59.901846 IP 133.71.240.1 > 133.71.3.143: ICMP echo reply, id 547, seq 38139, length 64
17:14:59.902951 IP 133.71.240.1 > 133.71.3.143: ICMP echo reply, id 547, seq 38139, length 64
17:14:59.905424 IP 133.71.240.2 > 133.71.3.143: ICMP echo reply, id 547, seq 38139, length 64
17:14:59.906601 IP 133.71.240.2 > 133.71.3.143: ICMP echo reply, id 547, seq 38139, length 64
17:14:59.908250 IP 133.71.240.2 > 133.71.3.143: ICMP echo reply, id 547, seq 38139, length 64
17:14:59.909486 IP 133.71.240.2 > 133.71.3.143: ICMP echo reply, id 547, seq 38139, length 64
17:14:59.910733 IP 133.71.240.2 > 133.71.3.143: ICMP echo reply, id 547, seq 38139, length 64
17:16:52.223420 IP 24.37.33.134 > 133.71.3.62: ICMP 24.37.33.134 udp port 8180 unreachable, length 125
17:16:53.225448 IP 24.37.33.134 > 133.71.3.62: ICMP 24.37.33.134 udp port 8180 unreachable, length 125
17:16:54.223427 IP 24.37.33.134 > 133.71.3.62: ICMP 24.37.33.134 udp port 8180 unreachable, length 125
17:17:09.243793 IP 113.91.37.39 > 133.71.3.62: ICMP 113.91.37.39 udp port 61988 unreachable, length 91
17:17:10.240727 IP 113.91.37.39 > 133.71.3.62: ICMP 113.91.37.39 udp port 61988 unreachable, length 91
17:17:11.228831 IP 113.91.37.39 > 133.71.3.62: ICMP 113.91.37.39 udp port 61988 unreachable, length 91
17:27:11.866787 IP 113.91.37.39 > 133.71.3.62: ICMP 113.91.37.39 udp port 64141 unreachable, length 120
17:27:11.954971 IP 188.74.32.253 > 133.71.3.62: ICMP 188.74.32.253 udp port 4650 unreachable, length 91
17:27:12.686126 IP 188.74.32.253 > 133.71.3.62: ICMP 188.74.32.253 udp port 4650 unreachable, length 120
17:27:12.865731 IP 113.91.37.39 > 133.71.3.62: ICMP 113.91.37.39 udp port 64141 unreachable, length 120
17:27:12.954160 IP 188.74.32.253 > 133.71.3.62: ICMP 188.74.32.253 udp port 4650 unreachable, length 91
17:27:13.686054 IP 188.74.32.253 > 133.71.3.62: ICMP 188.74.32.253 udp port 4650 unreachable, length 120
17:27:13.865707 IP 113.91.37.39 > 133.71.3.62: ICMP 113.91.37.39 udp port 64141 unreachable, length 120
17:27:13.954361 IP 188.74.32.253 > 133.71.3.62: ICMP 188.74.32.253 udp port 4650 unreachable, length 91
17:27:14.051457 IP 23.226.134.66 > 133.71.3.62: ICMP 23.226.134.66 udp port 60000 unreachable, length 120
17:27:14.686576 IP 188.74.32.253 > 133.71.3.62: ICMP 188.74.32.253 udp port 4650 unreachable, length 120
17:27:15.051327 IP 23.226.134.66 > 133.71.3.62: ICMP 23.226.134.66 udp port 60000 unreachable, length 120
17:27:15.868006 IP 208.88.110.46 > 133.71.3.62: ICMP 208.88.110.46 udp port 11031 unreachable, length 120
17:27:16.051435 IP 23.226.134.66 > 133.71.3.62: ICMP 23.226.134.66 udp port 60000 unreachable, length 120
17:27:16.867687 IP 208.88.110.46 > 133.71.3.62: ICMP 208.88.110.46 udp port 11031 unreachable, length 120
17:27:17.867691 IP 208.88.110.46 > 133.71.3.62: ICMP 208.88.110.46 udp port 11031 unreachable, length 120
17:28:52.879994 IP 31.24.231.252 > 133.71.3.62: ICMP 31.24.231.252 udp port 4308 unreachable, length 120
17:28:53.058258 IP 70.81.133.112 > 133.71.3.62: ICMP 70.81.133.112 udp port 4168 unreachable, length 120
17:28:53.610708 IP 91.64.118.37 > 133.71.3.62: ICMP 91.64.118.37 udp port 4420 unreachable, length 120
17:28:53.878900 IP 31.24.231.252 > 133.71.3.62: ICMP 31.24.231.252 udp port 4308 unreachable, length 120
17:28:54.066237 IP 70.81.133.112 > 133.71.3.62: ICMP 70.81.133.112 udp port 4168 unreachable, length 120
17:28:54.622657 IP 91.64.118.37 > 133.71.3.62: ICMP 91.64.118.37 udp port 4420 unreachable, length 120
17:28:54.879095 IP 31.24.231.252 > 133.71.3.62: ICMP 31.24.231.252 udp port 4308 unreachable, length 120
17:28:55.057992 IP 70.81.133.112 > 133.71.3.62: ICMP 70.81.133.112 udp port 4168 unreachable, length 120
17:28:55.621762 IP 91.64.118.37 > 133.71.3.62: ICMP 91.64.118.37 udp port 4420 unreachable, length 120
17:32:00.722464 IP 31.24.231.252 > 133.71.3.62: ICMP 31.24.231.252 udp port 4308 unreachable, length 91
17:32:01.721981 IP 31.24.231.252 > 133.71.3.62: ICMP 31.24.231.252 udp port 4308 unreachable, length 91
17:32:02.722179 IP 31.24.231.252 > 133.71.3.62: ICMP 31.24.231.252 udp port 4308 unreachable, length 91
17:55:01.267176 IP 133.71.3.254 > 133.71.3.143: ICMP echo reply, id 547, seq 1307, length 64
17:55:01.268533 IP 133.71.3.254 > 133.71.3.143: ICMP echo reply, id 547, seq 1307, length 64
17:55:01.269928 IP 133.71.3.254 > 133.71.3.143: ICMP echo reply, id 547, seq 1307, length 64
17:55:01.273213 IP 133.71.3.254 > 133.71.3.143: ICMP echo reply, id 547, seq 1307, length 64
17:55:01.274500 IP 133.71.3.254 > 133.71.3.143: ICMP echo reply, id 547, seq 1307, length 64
17:55:01.276743 IP 133.71.240.1 > 133.71.3.143: ICMP echo reply, id 547, seq 1307, length 64
17:55:01.278372 IP 133.71.240.1 > 133.71.3.143: ICMP echo reply, id 547, seq 1307, length 64
17:55:01.279593 IP 133.71.240.1 > 133.71.3.143: ICMP echo reply, id 547, seq 1307, length 64
17:55:01.280763 IP 133.71.240.1 > 133.71.3.143: ICMP echo reply, id 547, seq 1307, length 64
17:55:01.281999 IP 133.71.240.1 > 133.71.3.143: ICMP echo reply, id 547, seq 1307, length 64
17:55:01.284038 IP 133.71.240.2 > 133.71.3.143: ICMP echo reply, id 547, seq 1307, length 64
17:55:01.289460 IP 133.71.240.2 > 133.71.3.143: ICMP echo reply, id 547, seq 1307, length 64
17:55:01.290783 IP 133.71.240.2 > 133.71.3.143: ICMP echo reply, id 547, seq 1307, length 64
17:55:01.292086 IP 133.71.240.2 > 133.71.3.143: ICMP echo reply, id 547, seq 1307, length 64
17:55:01.293587 IP 133.71.240.2 > 133.71.3.143: ICMP echo reply, id 547, seq 1307, length 64
17:57:29.306201 IP 91.244.188.234 > 133.71.3.62: ICMP host 91.244.188.234 unreachable, length 120
17:57:29.306309 IP 91.244.188.234 > 133.71.3.62: ICMP host 91.244.188.234 unreachable, length 120
17:57:29.306341 IP 91.244.188.234 > 133.71.3.62: ICMP host 91.244.188.234 unreachable, length 120
17:59:03.534991 IP 187.189.197.207 > 133.71.3.62: ICMP host 187.189.197.207 unreachable, length 91
17:59:03.535135 IP 187.189.197.207 > 133.71.3.62: ICMP host 187.189.197.207 unreachable, length 91
17:59:03.535216 IP 187.189.197.207 > 133.71.3.62: ICMP host 187.189.197.207 unreachable, length 91
17:59:04.941721 IP 113.91.37.39 > 133.71.3.62: ICMP 113.91.37.39 udp port 64141 unreachable, length 91
17:59:22.968592 IP 23.226.134.66 > 133.71.3.62: ICMP 23.226.134.66 udp port 3543 unreachable, length 91
17:59:23.968372 IP 23.226.134.66 > 133.71.3.62: ICMP 23.226.134.66 udp port 3543 unreachable, length 91
17:59:24.968559 IP 23.226.134.66 > 133.71.3.62: ICMP 23.226.134.66 udp port 3543 unreachable, length 91
18:01:43.930929 IP 23.226.134.66 > 133.71.3.62: ICMP 23.226.134.66 udp port 3543 unreachable, length 91
18:01:44.930466 IP 23.226.134.66 > 133.71.3.62: ICMP 23.226.134.66 udp port 3543 unreachable, length 91
18:01:45.930625 IP 23.226.134.66 > 133.71.3.62: ICMP 23.226.134.66 udp port 3543 unreachable, length 91
18:02:31.387920 IP 82.241.81.243 > 133.71.3.62: ICMP host 82.241.81.243 unreachable, length 91
18:02:31.388411 IP 82.241.81.243 > 133.71.3.62: ICMP host 82.241.81.243 unreachable, length 91
18:02:31.388675 IP 82.241.81.243 > 133.71.3.62: ICMP host 82.241.81.243 unreachable, length 91
